{
    "1": [
        1609513829.9756618,
        25
    ],
    "12": [
        1609513860.0129983,
        25
    ],
    "21": [
        1609513860.0279987,
        25
    ],
    "39": [
        1609513860.042919,
        25
    ]
}